{
  "type": "Drill"
  "health": 1000
  "size": 4
  "tier": 5
  "liquidBoostIntensity": 2.25
  "drawRim": true
  "itemCapacity": 50
  "hasliquids": true
  "hardnessDrillMultiplier": 5
  "liquidCapacity": 30
  "consumes": {
    "power": 4.2
    "liquid": {
      "liquid": "water"
      "amount": 0.2
      "booster": true
      "optional": true
    }
  }
  "requirements": [
    "titanium/150"
    "thorium/125"
    "plastanium/75"
    "silicon/100"
    "lead/300"
  ]
  "category": "production"
  "research": "blast-drill"
}
